feat0,feat1,feat2,feat3,feat4,feat5,feat6,feat7,feat8,feat9,feat10,feat11,feat12,feat13,feat14,feat15,feat16,feat17,feat18,feat19,feat20,feat21,feat22,feat23,feat24,feat25,feat26,feat27,feat28,feat29,feat30,feat31,feat32,feat33,feat34,feat35,feat36,feat37,feat38,feat39,feat40,feat41,feat42,feat43,feat44,feat45,feat46,feat47,feat48,feat49,feat50,feat51,feat52,feat53,feat54,feat55,feat56,feat57,feat58,feat59,target

-5.573047637939453,-24.323043823242188,50.23995590209961,-31.899520874023438,8.48516845703125,32.70885467529297,-50.58510208129883,23.729888916015625,13.177255630493164,-62.237937927246094,27.2171630859375,-4.309726715087891,-4.243894577026367,32.080474853515625,-0.3137359619140625,-31.334365844726562,50.29350280761719,-21.841527938842773,-52.56763458251953,44.602294921875,-22.69167709350586,-62.74271774291992,34.30029296875,-17.020309448242188,1.6003303527832031,18.586166381835938,-14.167328834533691,-35.512386322021484,33.48152160644531,-32.20628356933594,-56.8361701965332,22.537002563476562,-22.439472198486328,-62.431549072265625,11.091812133789062,-11.027030944824219,5.935451507568359,0.660186767578125,-23.792247772216797,-27.587839126586914,13.927215576171875,-42.60456848144531,-49.295982360839844,6.3462677001953125,-32.26006317138672,-56.20921325683594,-2.747161865234375,-19.662120819091797,6.079185485839844,-17.498184204101562,-31.029525756835938,-18.977296829223633,-4.9573974609375,-46.86116027832031,-34.98154067993164,-6.5928497314453125,-39.2391357421875,-42.69651412963867,-12.166168212890625,-26.767406463623047,0

-5.728307723999023,31.636703491210938,3.6841068267822266,-17.925600051879883,61.52931213378906,-18.37744140625,-32.8331184387207,72.91447448730469,-29.87127685546875,-46.19413757324219,77.23435974121094,-36.553314208984375,-5.905824661254883,-30.89312744140625,46.44843673706055,-30.652360916137695,3.313995361328125,29.29376983642578,-47.719337463378906,20.175155639648438,9.609888076782227,-58.02091979980469,25.130325317382812,-8.364203453063965,1.1457443237304688,20.328903198242188,-11.582018852233887,-35.687747955322266,36.6181640625,-28.976932525634766,-56.05242156982422,22.8336181640625,-20.905773162841797,-59.93226623535156,9.435302734375,-11.007478713989258,6.595771789550781,4.014801025390625,-23.28333282470703,-26.745454788208008,18.389083862304688,-41.599220275878906,-47.604270935058594,7.813018798828125,-32.176910400390625,-52.911720275878906,-3.4690093994140625,-20.612384796142578,7.8014068603515625,-13.019699096679688,-32.79633331298828,-16.628135681152344,0.8549652099609375,-48.49445343017578,-32.56648254394531,-2.6862640380859375,-41.39976501464844,-39.39668655395508,-10.528076171875,-29.653221130371094,0

-5.891145706176758,31.627243041992188,3.5040550231933594,-17.393171310424805,61.50669860839844,-18.945363998413086,-31.612262725830078,73.31889343261719,-30.872385025024414,-44.5350341796875,78.19190979003906,-38.01964569091797,-6.091396331787109,-30.71343994140625,46.54353713989258,-30.64704132080078,3.5567169189453125,29.241024017333984,-47.55750274658203,20.457351684570312,9.456159591674805,-57.76032257080078,25.483184814453125,-8.554604530334473,1.1371002197265625,20.282424926757812,-11.664072036743164,-35.79640197753906,36.0865478515625,-29.292892456054688,-55.949092864990234,22.064590454101562,-21.09954833984375,-59.536338806152344,8.678512573242188,-11.07513427734375,6.738578796386719,3.940887451171875,-23.255054473876953,-26.634014129638672,17.916213989257812,-41.82086181640625,-47.40178680419922,7.2063446044921875,-32.34870910644531,-52.558563232421875,-4.045684814453125,-20.687191009521484,8.083854675292969,-13.129989624023438,-32.68376922607422,-16.438390731811523,0.4373779296875,-48.505455017089844,-32.3191032409668,-3.242828369140625,-41.35249328613281,-38.99666976928711,-11.104736328125,-29.53186798095703,0

-5.791725158691406,31.616195678710938,3.760122299194336,-18.101709365844727,61.61125183105469,-18.098878860473633,-33.16749572753906,72.91926574707031,-29.46175765991211,-46.62751388549805,77.10563659667969,-36.02910614013672,-5.816457748413086,-31.01220703125,46.38031005859375,-30.553075790405273,3.36834716796875,29.56131935119629,-47.65635299682617,20.487518310546875,10.133308410644531,-58.0338020324707,25.697250366210938,-7.7247819900512695,1.0973396301269531,20.357864379882812,-11.535755157470703,-35.95146942138672,36.501373291015625,-28.606252670288086,-56.060646057128906,22.417022705078125,-20.41301727294922,-59.714202880859375,8.9185791015625,-10.56478500366211,6.574695587158203,4.0820770263671875,-23.277597427368164,-27.00196647644043,18.295623779296875,-41.286258697509766,-47.614044189453125,7.4249725341796875,-31.658466339111328,-52.670265197753906,-3.9661407470703125,-20.08831214904785,7.810356140136719,-12.927932739257812,-32.83049011230469,-16.696380615234375,0.9470062255859375,-48.407562255859375,-32.55876159667969,-2.7371063232421875,-41.216041564941406,-39.26601028442383,-10.679885864257812,-29.46649932861328,0

-5.641452789306641,31.378890991210938,5.550201416015625,-14.114143371582031,63.47029113769531,-15.123684883117676,-25.919883728027344,77.69474792480469,-27.05069923400879,-37.261932373046875,84.86289978027344,-34.91222381591797,7.773822784423828,5.5059967041015625,-22.605045318603516,-24.373958587646484,21.803237915039062,-41.43718338012695,-46.60757064819336,11.854324340820312,-34.92496871948242,-53.698463439941406,0.0714569091796875,-24.921234130859375,-8.45467758178711,-33.898223876953125,43.887939453125,-32.28533935546875,1.4485015869140625,27.77862548828125,-48.09490966796875,18.2506103515625,7.023332595825195,-56.956111907958984,22.940048217773438,-11.771145820617676,1.8863105773925781,21.052169799804688,-10.097943305969238,-32.55309295654297,40.89262390136719,-28.669750213623047,-55.31563949584961,29.251449584960938,-24.64157485961914,-62.00605773925781,15.635162353515625,-16.74350929260254,9.30795669555664,-10.857742309570312,-33.18804168701172,-13.700576782226562,4.5587615966796875,-49.579463958740234,-30.51587677001953,1.63330078125,-44.5204963684082,-39.12886047363281,-6.3631439208984375,-34.128177642822266,0

-9.02483081817627,30.495346069335938,5.987640380859375,-27.359460830688477,59.43199157714844,-12.868840217590332,-45.8967399597168,66.83967590332031,-22.113290786743164,-60.750221252441406,66.51383972167969,-26.706298828125,-1.9308555126190186,-34.56634521484375,44.13798522949219,-30.812854766845703,-2.5393218994140625,29.410430908203125,-50.09138488769531,13.741012573242188,11.345966339111328,-61.289306640625,18.948440551757812,-6.010103225708008,-1.1926519870758057,21.104385375976562,-10.09465217590332,-39.88926696777344,34.88414001464844,-25.499818801879883,-58.98072814941406,18.731369018554688,-18.830440521240234,-62.08926010131836,4.2071380615234375,-10.349403381347656,5.807826042175293,6.3427581787109375,-22.973352432250977,-29.436092376708984,18.430862426757812,-39.266693115234375,-48.94776916503906,4.938690185546875,-30.723941802978516,-53.29098129272461,-7.81060791015625,-20.342063903808594,8.695725440979004,-9.745101928710938,-33.69557571411133,-17.613407135009766,2.40582275390625,-47.69287109375,-32.87050247192383,-3.4969024658203125,-40.672576904296875,-38.84713363647461,-12.902801513671875,-29.630126953125,0

-9.50717544555664,30.333709716796875,6.061927795410156,-25.366960525512695,60.540924072265625,-13.044203758239746,-41.8177490234375,70.911865234375,-23.32912826538086,-55.826194763183594,73.8515625,-29.407737731933594,-1.6651029586791992,-34.77537536621094,43.98434829711914,-30.437246322631836,-2.5284271240234375,29.524089813232422,-49.59034729003906,13.767578125,11.340717315673828,-60.61920928955078,18.9151611328125,-6.141012191772461,-1.448103904724121,21.126556396484375,-10.01456069946289,-40.28858184814453,34.379364013671875,-25.51971435546875,-58.76911163330078,17.571014404296875,-18.750200271606445,-61.15728759765625,2.9268951416015625,-10.24190902709961,5.84089469909668,6.52374267578125,-22.91421890258789,-29.49376106262207,18.116790771484375,-39.369964599609375,-48.549530029296875,4.0593109130859375,-30.710411071777344,-52.274818420410156,-8.830352783203125,-20.2619571685791,9.025444030761719,-9.474822998046875,-33.68595504760742,-17.255428314208984,2.4812469482421875,-47.90242385864258,-32.35432434082031,-3.7932281494140625,-40.86253356933594,-37.876609802246094,-13.435028076171875,-29.787017822265625,0

-7.561618804931641,29.55010986328125,10.811042785644531,-20.070695877075195,63.7196044921875,-3.5075931549072266,-32.348148345947266,79.9488525390625,-11.864583969116211,-43.27739715576172,89.37680053710938,-17.651899337768555,-0.6132106781005859,-40.49565124511719,38.8129997253418,-28.347639083862305,-4.62786865234375,34.2191047668457,-48.016231536865234,15.3948974609375,20.980087280273438,-60.0194091796875,23.533843994140625,5.37799072265625,-1.0160045623779297,22.362518310546875,-6.899602890014648,-38.45684051513672,42.165924072265625,-18.32930564880371,-59.98579788208008,28.3770751953125,-14.298402786254883,-65.20880126953125,13.217315673828125,-8.344697952270508,4.692333221435547,9.423675537109375,-22.15654754638672,-32.06503677368164,22.98651123046875,-33.05030822753906,-48.81505584716797,6.59674072265625,-23.74787712097168,-50.273292541503906,-7.766448974609375,-14.760994911193848,6.374835968017578,-5.02545166015625,-35.21478271484375,-20.468124389648438,9.683807373046875,-45.15628433227539,-34.5345573425293,2.084869384765625,-37.32700729370117,-38.545310974121094,-9.268035888671875,-27.26956558227539,0

-0.6784915924072266,-46.35148620605469,31.587993621826172,-32.20050811767578,-13.518295288085938,29.319766998291016,-51.348602294921875,4.199371337890625,12.512901306152344,-59.567935943603516,10.14239501953125,-6.218547821044922,-12.1767578125,26.45672607421875,14.10794448852539,-24.611520767211914,61.53289794921875,2.1040420532226562,-36.427852630615234,78.14764404296875,-6.159645080566406,-47.24153518676758,87.29290771484375,-12.582756042480469,-2.7346343994140625,23.012176513671875,-3.4178810119628906,-35.64791488647461,47.932525634765625,-18.261077880859375,-58.81867980957031,36.8271484375,-21.369613647460938,-68.45957946777344,22.744598388671875,-20.238542556762695,6.244891166687012,13.4315185546875,-19.553321838378906,-30.152095794677734,25.9267578125,-32.70083236694336,-47.510433197021484,7.8895263671875,-29.689271926879883,-49.4986572265625,-8.010040283203125,-23.993486404418945,11.16121768951416,1.620208740234375,-34.333316802978516,-15.797859191894531,15.67974853515625,-44.88210678100586,-30.081554412841797,5.85308837890625,-40.84248352050781,-34.35049819946289,-7.512115478515625,-33.82293701171875,0

-0.5078086853027344,-42.13291931152344,37.03080749511719,-26.96783447265625,-5.034149169921875,37.622032165527344,-46.39809799194336,15.744049072265625,25.221742630004883,-57.95463180541992,23.759033203125,9.223287582397461,-7.556053161621094,29.05108642578125,12.09166145324707,-20.36849021911621,63.0523681640625,-2.3584823608398438,-33.64654541015625,78.40969848632812,-10.832555770874023,-44.56498336791992,87.77871704101562,-16.73486328125,-1.0435829162597656,22.63873291015625,-5.926183700561523,-39.693321228027344,40.9771728515625,-15.648731231689453,-57.020057678222656,22.52935791015625,-10.232120513916016,-57.889686584472656,6.46929931640625,-4.4129791259765625,4.640140533447266,10.3740234375,-21.73902702331543,-32.19625473022461,24.702423095703125,-31.304899215698242,-48.52708053588867,7.46630859375,-22.822978973388672,-49.111942291259766,-7.50433349609375,-14.777496337890625,6.303546905517578,-3.497100830078125,-35.41200256347656,-21.439441680908203,11.0460205078125,-42.798770904541016,-34.135684967041016,1.51416015625,-34.745513916015625,-35.92342758178711,-11.128326416015625,-25.62969398498535,0

1.4052925109863281,-42.91221618652344,36.1010856628418,-26.417688369750977,-6.86083984375,37.82753372192383,-46.81077575683594,13.682647705078125,26.64168930053711,-59.101600646972656,22.041961669921875,11.383842468261719,-8.257326126098633,28.533355712890625,12.842514038085938,-23.10865020751953,62.32647705078125,-0.06166839599609375,-38.108848571777344,76.53863525390625,-7.609691619873047,-49.52069091796875,85.68618774414062,-12.893623352050781,-1.8431034088134766,22.716583251953125,-5.411140441894531,-41.044944763183594,40.423614501953125,-14.03123664855957,-58.21989440917969,21.72637939453125,-9.00016975402832,-58.81163787841797,5.495635986328125,-3.6375885009765625,3.9606971740722656,10.978363037109375,-21.576030731201172,-33.3209228515625,24.6241455078125,-30.38525390625,-49.29814910888672,6.936370849609375,-22.163663864135742,-49.55854797363281,-8.21795654296875,-14.452011108398438,5.831447601318359,-2.537353515625,-35.57429504394531,-22.2817325592041,11.5220947265625,-42.48234939575195,-34.82118225097656,1.6845703125,-34.55194091796875,-36.38511657714844,-11.1319580078125,-25.640296936035156,0

0.9844493865966797,-42.93113708496094,36.0925178527832,-26.830915451049805,-6.891693115234375,38.15750503540039,-47.32598114013672,13.660919189453125,27.17667007446289,-59.70830154418945,21.95684814453125,11.958263397216797,-7.565706253051758,28.6864013671875,12.92740249633789,-22.81344223022461,62.366180419921875,0.19036483764648438,-36.58146667480469,77.859619140625,-7.182552337646484,-50.087772369384766,83.95736694335938,-11.896871566772461,-1.4676132202148438,22.747711181640625,-5.395221710205078,-40.217464447021484,41.61639404296875,-13.583660125732422,-58.879417419433594,24.32769775390625,-8.8182373046875,-60.41059875488281,8.128570556640625,-3.546863555908203,3.929990768432617,10.900390625,-21.62113380432129,-33.24864959716797,25.11773681640625,-29.948444366455078,-49.618927001953125,7.8505859375,-21.606840133666992,-50.3819580078125,-7.289825439453125,-13.90119743347168,5.385564804077148,-2.64874267578125,-35.636417388916016,-22.46326446533203,11.998565673828125,-42.39208984375,-35.375,2.68096923828125,-34.43121337890625,-37.55516815185547,-9.99163818359375,-25.443546295166016,0

-12.221126556396484,27.654541015625,11.538528442382812,-23.307289123535156,61.9185791015625,-3.69720458984375,-34.53493881225586,77.91680908203125,-13.794744491577148,-44.92042922973633,86.63970947265625,-21.402677536010742,7.333433151245117,11.800750732421875,-20.21632957458496,-28.409378051757812,23.48565673828125,-35.69675064086914,-45.70939254760742,5.576995849609375,-31.732826232910156,-47.669612884521484,-9.820037841796875,-24.78441047668457,-2.946959972381592,-43.802581787109375,34.91948699951172,-33.48871994018555,-10.44354248046875,29.335838317871094,-51.87200927734375,7.009918212890625,11.434249877929688,-59.88724136352539,12.612091064453125,-7.489696502685547,-2.121351718902588,22.729705810546875,-5.251762390136719,-36.28350830078125,44.024810791015625,-22.690074920654297,-57.19687271118164,28.8179931640625,-23.812946319580078,-63.621116638183594,13.317474365234375,-20.495182037353516,12.627184867858887,-1.1800537109375,-33.83985900878906,-13.778471946716309,12.1693115234375,-46.49985122680664,-28.04298973083496,2.516571044921875,-41.99943161010742,-32.12686538696289,-10.311309814453125,-33.9437370300293,0

0.6203937530517578,-42.929962158203125,36.102020263671875,-25.940847396850586,-5.972320556640625,38.43305969238281,-45.899749755859375,15.511932373046875,28.279024124145508,-58.4686279296875,24.762054443359375,13.78065299987793,-6.735725402832031,28.8485107421875,13.025304794311523,-21.93395233154297,62.455841064453125,0.040111541748046875,-38.027984619140625,75.62265014648438,-7.141971588134766,-51.69844055175781,81.48178100585938,-11.682562828063965,-1.0578498840332031,22.772369384765625,-5.387062072753906,-41.792728424072266,37.850433349609375,-11.547457695007324,-57.30046844482422,18.062591552734375,-5.396968841552734,-56.77851867675781,1.845733642578125,0.014646530151367188,3.824460983276367,10.804901123046875,-21.68787384033203,-33.795555114746094,24.524871826171875,-28.77489471435547,-49.16004180908203,6.712890625,-19.69803237915039,-48.904205322265625,-8.42669677734375,-11.957308769226074,4.764043807983398,-2.777496337890625,-35.71503829956055,-23.609233856201172,11.439544677734375,-41.06043243408203,-35.49745178222656,1.385101318359375,-32.43000030517578,-36.4068603515625,-11.508392333984375,-23.53853988647461,0

0.9901199340820312,-35.891815185546875,43.09893798828125,-23.22130012512207,2.70843505859375,42.30534362792969,-42.92906188964844,24.73223876953125,32.840087890625,-57.05595397949219,33.715087890625,19.668760299682617,-1.3645248413085938,31.285247802734375,8.163297653198242,-25.046104431152344,59.77581787109375,-4.3476433753967285,-47.036930084228516,60.30731201171875,-4.640219688415527,-59.92768478393555,52.323638916015625,-1.1880313158035278,-0.9164619445800781,-9.394134521484375,-34.88387680053711,-27.058311462402344,8.265869140625,-41.24531555175781,-40.341064453125,3.595184326171875,-30.352252960205078,-43.841880798339844,-6.20361328125,-18.611095428466797,0.7920188903808594,21.45989990234375,-9.357696533203125,-37.58307647705078,42.2735595703125,-13.690434455871582,-56.10539245605469,27.854522705078125,-2.7866787910461426,-58.552947998046875,13.0860595703125,5.486594200134277,1.7994270324707031,6.353363037109375,-23.624847412109375,-33.35498046875,25.646240234375,-30.3836727142334,-51.774269104003906,14.341033935546875,-17.397335052490234,-54.72285461425781,1.419525146484375,-6.742176532745361,0

-1.3753623962402344,-31.781509399414062,46.20353317260742,-27.206594467163086,4.93475341796875,38.36362838745117,-46.809539794921875,24.5875244140625,24.48813247680664,-59.90571212768555,31.42138671875,9.141059875488281,-3.5962963104248047,31.765899658203125,5.02595329284668,-25.17205810546875,59.1573486328125,-12.672882080078125,-45.81365966796875,64.46505737304688,-18.124217987060547,-61.009559631347656,61.162078857421875,-18.17599105834961,0.6568317413330078,20.54736328125,-11.229161262512207,-36.29216003417969,41.11676025390625,-22.903976440429688,-56.88734436035156,28.625640869140625,-13.433652877807617,-60.85285186767578,14.886016845703125,-4.050588607788086,3.7100276947021484,4.3043212890625,-23.86304473876953,-31.195192337036133,21.209442138671875,-36.09300994873047,-50.320899963378906,10.27496337890625,-23.830537796020508,-53.97892761230469,-1.640045166015625,-12.261520385742188,2.808095932006836,-12.513702392578125,-33.786041259765625,-22.857559204101562,3.2447509765625,-45.12998962402344,-37.23845672607422,-0.65850830078125,-35.390380859375,-41.979515075683594,-9.1458740234375,-23.077219009399414,0

1.6975774765014648,-45.330596923828125,32.999637603759766,-26.161754608154297,-9.57781982421875,37.73219680786133,-46.84858703613281,11.849334716796875,29.016193389892578,-59.67218017578125,21.541748046875,15.039196014404297,-7.385183334350586,27.697052001953125,15.020000457763672,-25.302818298339844,60.827606201171875,4.513877868652344,-42.28828430175781,73.41897583007812,-1.5619277954101562,-56.800025939941406,77.50460815429688,-5.375698089599609,-1.6022281646728516,23.063018798828125,-3.775115966796875,-42.02717590332031,39.278900146484375,-9.018890380859375,-58.19440460205078,19.5528564453125,-4.616584777832031,-58.35877227783203,2.9512939453125,-0.5049705505371094,3.527688980102539,12.386962890625,-20.877151489257812,-33.667484283447266,27.3544921875,-27.67574691772461,-50.1484375,9.727935791015625,-20.3677978515625,-50.970237731933594,-5.90557861328125,-13.726325988769531,4.758283615112305,-0.151885986328125,-35.82331848144531,-23.20128059387207,14.913055419921875,-41.02422332763672,-35.91469192504883,4.97406005859375,-33.508182525634766,-37.864524841308594,-8.328704833984375,-25.423503875732422,0

-1.5224800109863281,-34.12919616699219,44.49272155761719,-25.151697158813477,4.621978759765625,40.39307403564453,-43.975563049316406,25.56341552734375,27.34874153137207,-56.713775634765625,33.185211181640625,12.071629524230957,-3.2725677490234375,31.493743896484375,6.685789108276367,-21.279394149780273,61.227783203125,-11.22219467163086,-40.08009338378906,70.20449829101562,-18.287376403808594,-55.20945739746094,72.2510986328125,-21.243980407714844,0.8161849975585938,21.096954345703125,-10.147558212280273,-37.91783142089844,39.711639404296875,-18.967849731445312,-55.636775970458984,24.046966552734375,-8.454370498657227,-56.9091796875,9.46649169921875,0.3963794708251953,3.6691131591796875,5.505462646484375,-23.621257781982422,-32.108665466308594,22.070343017578125,-33.585418701171875,-49.74802017211914,9.316864013671875,-20.860424041748047,-51.51002883911133,-3.517059326171875,-9.843305587768555,2.5709152221679688,-10.763916015625,-34.40208053588867,-23.88759994506836,5.273529052734375,-43.2613639831543,-37.140785217285156,-0.340667724609375,-32.78569793701172,-39.86599349975586,-10.3184814453125,-20.989803314208984,0

3.5458767414093018,-35.57708740234375,43.225215911865234,-26.051279067993164,-1.065887451171875,40.09687805175781,-47.80067443847656,16.9683837890625,27.260791778564453,-61.21574020385742,22.841583251953125,11.791937828063965,-9.064382553100586,30.108184814453125,7.655180931091309,-31.072799682617188,56.794036865234375,-10.58073902130127,-49.377838134765625,65.36297607421875,-19.26769256591797,-64.34768676757812,66.13629150390625,-23.406978607177734,-2.748413562774658,21.2850341796875,-9.386937141418457,-43.84909439086914,33.318084716796875,-18.903697967529297,-59.09672927856445,14.550811767578125,-9.674616813659668,-58.370338439941406,-0.40545654296875,-1.408609390258789,3.2052090167999268,7.001434326171875,-23.29041290283203,-34.612762451171875,17.58740234375,-33.84819030761719,-50.24946594238281,1.5025634765625,-22.337596893310547,-50.23249435424805,-11.932708740234375,-11.912400245666504,5.328702926635742,-8.763153076171875,-34.65236282348633,-23.293384552001953,2.788238525390625,-43.767250061035156,-35.621829986572266,-5.531768798828125,-33.9849853515625,-36.93914031982422,-16.351287841796875,-22.700931549072266,0

-16.542438507080078,-7.5767974853515625,49.77535629272461,-51.863494873046875,0.696319580078125,26.5880126953125,-77.63787841796875,9.32269287109375,16.220813751220703,-95.62141418457031,17.982467651367188,15.670867919921875,-21.85866928100586,7.6927337646484375,-19.94419288635254,-21.55166244506836,11.584014892578125,-56.39047622680664,-21.37894058227539,13.773223876953125,-76.89494323730469,-21.572063446044922,13.113937377929688,-91.45585632324219,-2.8500308990478516,6.33270263671875,-21.01287841796875,-15.301567077636719,-31.306838989257812,-31.939014434814453,-18.523807525634766,-42.70637512207031,-10.766313552856445,-16.793468475341797,-38.43229675292969,4.589290618896484,15.937692642211914,2.5848236083984375,-16.625158309936523,3.377195358276367,-32.14740753173828,-26.06043815612793,-3.219501495361328,-41.23095703125,-5.261938095092773,-3.3936309814453125,-36.27851867675781,9.889080047607422,31.99308967590332,-4.6001739501953125,-10.99747085571289,18.470415115356445,-29.78406524658203,-20.64137840270996,11.823724746704102,-36.671226501464844,-6.972028732299805,11.030996322631836,-33.689918518066406,7.406883239746094,1

-16.942646026611328,-5.116973876953125,49.954063415527344,-50.08495330810547,10.106460571289062,27.073753356933594,-73.78282165527344,23.409332275390625,16.697982788085938,-89.88648986816406,35.213134765625,16.489017486572266,-20.54669761657715,11.313568115234375,-19.610897064208984,-21.12351417541504,14.4140625,-56.12968444824219,-21.448026657104492,16.15838623046875,-76.6749496459961,-22.3123779296875,15.39166259765625,-91.2061996459961,-2.033191680908203,6.86370849609375,-20.940935134887695,-20.654813766479492,-28.233474731445312,-31.55124855041504,-25.144689559936523,-38.55708312988281,-10.059860229492188,-22.51805877685547,-34.677391052246094,5.273281097412109,15.938457489013672,0.05572509765625,-16.824087142944336,-2.3476104736328125,-32.135948181152344,-25.90345001220703,-9.769672393798828,-39.56568145751953,-4.729951858520508,-8.833549499511719,-34.595420837402344,10.387275695800781,30.666683197021484,-9.703750610351562,-11.44795036315918,13.220478057861328,-32.476768493652344,-20.78154754638672,5.5958404541015625,-37.53681182861328,-6.827211380004883,5.268856048583984,-34.04163360595703,7.453773498535156,1

-6.30213737487793,-3.5615234375,52.49994659423828,-37.16963577270508,23.246292114257812,39.00132751464844,-57.7588005065918,42.598663330078125,32.08872985839844,-70.03540802001953,58.25138854980469,33.814613342285156,-20.211585998535156,17.90264892578125,-14.343547821044922,-30.325315475463867,21.622665405273438,-49.378414154052734,-36.01523971557617,23.71551513671875,-69.08882904052734,-40.64463806152344,24.267547607421875,-82.90027618408203,-4.520397186279297,8.562820434570312,-19.9000244140625,-33.752593994140625,-20.340133666992188,-21.019777297973633,-32.98627853393555,-27.643417358398438,2.103595733642578,-24.80747413635254,-24.099044799804688,15.430305480957031,11.183738708496094,-3.2540740966796875,-20.03553009033203,-17.109539031982422,-28.77838134765625,-21.09322166442871,-19.49852752685547,-33.51300048828125,1.9389533996582031,-13.390155792236328,-29.559234619140625,16.12224578857422,23.29238510131836,-17.078140258789062,-18.20620346069336,-1.1480121612548828,-34.5762939453125,-20.77093505859375,-7.500740051269531,-34.7171630859375,-5.340911865234375,-5.465482711791992,-29.58624267578125,8.28997802734375,1

0.9665794372558594,-2.171051025390625,52.9433479309082,-23.722965240478516,19.67364501953125,25.250194549560547,-40.78883361816406,31.301376342773438,4.762058258056641,-52.58496856689453,36.94102478027344,-10.329231262207031,-11.123522758483887,25.939071655273438,-11.755081176757812,-27.985755920410156,33.284088134765625,-43.46128845214844,-37.47235107421875,37.416351318359375,-61.29901885986328,-44.86817932128906,39.901611328125,-73.61231994628906,-2.8877992630004883,10.456146240234375,-19.28980255126953,-42.074432373046875,-0.9835052490234375,-14.320049285888672,-38.5532341003418,-7.9631805419921875,8.647342681884766,-26.567096710205078,-8.61883544921875,19.275562286376953,5.012238502502441,-7.4188385009765625,-21.375823974609375,-31.833881378173828,-16.216827392578125,-17.124046325683594,-29.723899841308594,-19.500137329101562,6.186309814453125,-18.65943145751953,-18.906112670898438,17.64645767211914,9.14785385131836,-25.411285400390625,-20.88654327392578,-20.916793823242188,-27.432601928710938,-19.427928924560547,-21.59471893310547,-29.202781677246094,-2.848735809326172,-12.379908561706543,-29.822669982910156,8.595600128173828,1

-13.005741119384766,-11.216354370117188,50.13671112060547,-42.74138259887695,17.525436401367188,38.16276550292969,-62.586585998535156,38.520843505859375,34.760833740234375,-75.04920196533203,53.798370361328125,37.92018508911133,-18.114381790161133,20.331619262695312,-13.901273727416992,-22.591894149780273,30.449722290039062,-48.84614181518555,-26.47916030883789,34.13822937011719,-68.75944519042969,-30.09215545654297,35.39520263671875,-82.82566833496094,-1.8863754272460938,11.549041748046875,-18.78372573852539,-31.193336486816406,-13.800506591796875,-32.55541229248047,-33.825836181640625,-26.10101318359375,-11.80974006652832,-27.63241958618164,-26.159927368164062,2.978583812713623,13.646415710449219,-0.4928131103515625,-18.724843978881836,-13.859334945678711,-23.613693237304688,-31.451860427856445,-20.22144889831543,-32.75889587402344,-10.607349395751953,-16.447059631347656,-31.774703979492188,4.848898410797119,25.351360321044922,-14.725067138671875,-17.496976852416992,1.7329635620117188,-29.604095458984375,-28.93735122680664,-5.507686614990234,-34.45625305175781,-14.707376480102539,-3.575725555419922,-33.46223449707031,-0.16264677047729492,1

-12.310667037963867,-19.17626953125,47.847293853759766,-44.28689193725586,7.390380859375,36.648746490478516,-66.05252838134766,26.53045654296875,34.17354965209961,-80.21131896972656,40.0899658203125,37.964351654052734,-19.76344108581543,20.397003173828125,-11.318981170654297,-23.589641571044922,34.726531982421875,-44.83900451660156,-27.21639633178711,40.207977294921875,-64.38526916503906,-30.632200241088867,42.444732666015625,-78.3788833618164,-2.778228759765625,13.837738037109375,-17.045989990234375,-29.58687973022461,-10.114532470703125,-37.014503479003906,-32.40298843383789,-26.44354248046875,-19.293087005615234,-26.987154006958008,-29.141265869140625,-4.445610046386719,13.771045684814453,3.31549072265625,-18.34265899658203,-11.158895492553711,-18.75238037109375,-36.90675354003906,-17.624420166015625,-32.322845458984375,-18.668209075927734,-14.730144500732422,-34.31976318359375,-3.1200332641601562,26.69595718383789,-9.865966796875,-18.858741760253906,5.3602294921875,-24.3516845703125,-34.51272201538086,-2.3403282165527344,-32.02056884765625,-21.84968376159668,-1.6917228698730469,-33.465301513671875,-7.229087829589844,1

-1.299722671508789,-0.5898895263671875,52.97743606567383,-18.63055992126465,23.428298950195312,21.72933578491211,-32.696533203125,32.25791931152344,-2.153676986694336,-43.268463134765625,31.467056274414062,-19.074382781982422,-1.8566017150878906,27.726058959960938,-12.750289916992188,-17.92165184020996,38.27766418457031,-43.96159362792969,-30.048227310180664,43.29170227050781,-59.8694953918457,-38.965057373046875,46.71437072753906,-70.88165283203125,1.1793251037597656,10.17724609375,-19.616321563720703,-39.6981201171875,11.95062255859375,-15.487672805786133,-37.99603271484375,4.912689208984375,7.6680145263671875,-26.79475975036621,0.8827362060546875,18.40801239013672,2.9727210998535156,-9.345901489257812,-20.997722625732422,-34.769248962402344,-5.359832763671875,-17.423748016357422,-33.08960723876953,-10.000411987304688,5.690074920654297,-21.70743751525879,-13.445053100585938,16.30567169189453,1.091451644897461,-27.687820434570312,-19.94635009765625,-27.938051223754883,-19.499496459960938,-19.366931915283203,-28.46590232849121,-22.05450439453125,-2.8849430084228516,-19.462255477905273,-26.394485473632812,7.902484893798828,1

-10.300100326538086,-25.339569091796875,45.39228820800781,-26.722335815429688,14.317245483398438,48.757080078125,-37.33560562133789,41.06382751464844,53.02223205566406,-43.911476135253906,59.12107849121094,58.44390106201172,-9.758134841918945,28.947982788085938,-1.2425079345703125,-20.742158889770508,48.48689270019531,-30.245098114013672,-28.844432830810547,58.02635192871094,-46.63434600830078,-35.467735290527344,64.00382995605469,-58.16230773925781,0.7458896636962891,18.012603759765625,-12.835750579833984,-37.858394622802734,9.619049072265625,-24.25564193725586,-39.347412109375,-7.25628662109375,-6.888393402099609,-30.06031036376953,-13.403366088867188,4.64501953125,9.885425567626953,2.5457611083984375,-20.80588150024414,-26.320512771606445,-3.9112091064453125,-30.833641052246094,-29.22010612487793,-17.830856323242188,-11.953998565673828,-20.79017448425293,-23.195159912109375,0.4665794372558594,14.807941436767578,-13.988006591796875,-27.39934539794922,-14.452974319458008,-14.544281005859375,-34.719566345214844,-18.108768463134766,-23.001739501953125,-20.806655883789062,-11.077361106872559,-28.487884521484375,-9.113433837890625,1

-13.439760208129883,-31.149932861328125,40.714866638183594,-49.68458938598633,-9.155792236328125,33.21527862548828,-74.59764099121094,5.832855224609375,32.270416259765625,-91.54747009277344,15.91497802734375,35.39375305175781,-21.07777976989746,20.600738525390625,-8.129436492919922,-23.701505661010742,44.899322509765625,-35.447242736816406,-26.701383590698242,55.45941162109375,-52.90406799316406,-29.555309295654297,61.142333984375,-66.02091979980469,-3.0998477935791016,17.205810546875,-13.568987846374512,-24.814571380615234,0.439422607421875,-44.20417785644531,-28.745145797729492,-20.596282958984375,-32.773284912109375,-25.504467010498047,-27.954605102539062,-18.90210723876953,14.577198028564453,8.87786865234375,-15.677236557006836,-5.798208236694336,-6.65399169921875,-43.903499603271484,-12.553081512451172,-25.848983764648438,-31.881460189819336,-10.649805068969727,-32.192108154296875,-17.381372451782227,28.905540466308594,-2.5421142578125,-17.990859985351562,11.116912841796875,-11.560150146484375,-40.625709533691406,3.6348419189453125,-23.91119384765625,-32.26314163208008,4.0465850830078125,-29.88055419921875,-18.82933807373047,1

3.7432174682617188,28.523773193359375,-10.350570678710938,-10.443958282470703,45.21759033203125,-39.73778533935547,-21.61743927001953,54.26092529296875,-54.523826599121094,-30.481393814086914,60.470489501953125,-64.28927612304688,1.2514419555664062,-5.2012939453125,52.725948333740234,-11.53961181640625,25.042449951171875,24.880313873291016,-24.556365966796875,38.598419189453125,2.6764450073242188,-36.2601203918457,39.987548828125,-13.44167709350586,2.4388294219970703,11.44915771484375,-18.781269073486328,-36.796329498291016,22.001129150390625,-12.424005508422852,-35.832576751708984,12.723724365234375,9.972789764404297,-25.258031845092773,5.3752288818359375,19.524497985839844,-0.24161148071289062,-7.7812042236328125,-21.828460693359375,-36.09353256225586,3.8120574951171875,-16.053136825561523,-34.288726806640625,-1.9304351806640625,6.80230712890625,-23.33470916748047,-8.056396484375,16.630451202392578,-6.114073753356934,-25.288543701171875,-22.108171463012695,-32.688262939453125,-11.254638671875,-19.470298767089844,-32.638465881347656,-14.218490600585938,-3.048492431640625,-23.90860366821289,-20.748733520507812,6.821418762207031,1

0.08939552307128906,-5.665802001953125,52.69285202026367,-13.946056365966797,23.82025146484375,24.634815216064453,-27.037010192871094,37.12762451171875,2.3244476318359375,-38.13113784790039,39.36798095703125,-14.125553131103516,2.3277931213378906,28.801300048828125,-9.990829467773438,-12.46599292755127,44.49566650390625,-39.628631591796875,-23.53736114501953,52.85906982421875,-54.884246826171875,-31.945030212402344,58.637420654296875,-65.29644775390625,2.276060104370117,11.767974853515625,-18.603796005249023,-37.65910720825195,19.75244140625,-12.895240783691406,-36.77775192260742,10.317718505859375,9.43914794921875,-26.114669799804688,3.500213623046875,19.281742095947266,0.8294515609741211,-7.554595947265625,-21.893545150756836,-35.751041412353516,1.880645751953125,-16.798248291015625,-34.20685958862305,-4.341461181640625,5.950504302978516,-23.217544555664062,-10.10223388671875,15.95843505859375,-3.981802463531494,-25.374908447265625,-22.49272346496582,-31.39093780517578,-12.952835083007812,-20.364864349365234,-31.607589721679688,-16.202102661132812,-3.9985008239746094,-22.838539123535156,-22.375961303710938,6.064151763916016,1

-14.533493041992188,-22.74517822265625,45.6078987121582,-46.761146545410156,4.336334228515625,36.572208404541016,-68.69322967529297,23.3421630859375,34.578433990478516,-83.3069839477539,36.60894775390625,37.60029983520508,-18.610675811767578,22.084716796875,-10.032844543457031,-20.53411102294922,41.13323974609375,-41.290191650390625,-23.591670989990234,48.7989501953125,-60.18844985961914,-26.67235565185547,52.618865966796875,-73.9146957397461,-1.7128677368164062,15.366485595703125,-15.83364486694336,-28.624828338623047,-3.270751953125,-40.72452926635742,-33.44334411621094,-21.818115234375,-25.84524917602539,-29.084552764892578,-27.047119140625,-11.329227447509766,14.459671020507812,4.33642578125,-17.5841007232666,-10.045513153076172,-12.562408447265625,-41.39679718017578,-18.336566925048828,-28.462753295898438,-26.000625610351562,-16.490135192871094,-32.99711608886719,-10.830244064331055,26.88707733154297,-9.261962890625,-18.893522262573242,6.393096923828125,-19.377593994140625,-38.58531951904297,-2.2522430419921875,-28.837203979492188,-27.897159576416016,-2.267181396484375,-32.72538757324219,-13.714366912841797,1

11.268543243408203,-5.8177490234375,51.456966400146484,3.5525710582733154,30.0167236328125,28.873165130615234,-6.257828712463379,51.029571533203125,11.311031341552734,-16.38292694091797,62.0023193359375,-1.9472846984863281,6.277688980102539,27.558258056640625,-11.656986236572266,-8.0385160446167,45.65985107421875,-40.13410186767578,-17.49169921875,56.060699462890625,-55.224334716796875,-24.78000259399414,63.48468017578125,-65.43498229980469,0.3867373466491699,11.03466796875,-19.179515838623047,-34.53853225708008,28.62713623046875,-6.456020355224609,-32.23016357421875,19.98297119140625,16.095367431640625,-21.992473602294922,10.946258544921875,24.496807098388672,-6.077127456665039,-7.42681884765625,-21.0949764251709,-37.89016342163086,10.444366455078125,-10.064582824707031,-33.885005950927734,5.354400634765625,12.665481567382812,-22.993064880371094,-2.246856689453125,21.480052947998047,-14.75121784210205,-23.670639038085938,-19.691755294799805,-37.87078857421875,-5.43341064453125,-13.135427474975586,-35.19508743286133,-7.187164306640625,3.2422256469726562,-25.835906982421875,-14.33111572265625,12.053558349609375,1

-13.071601867675781,-22.674407958984375,46.083091735839844,-45.68377685546875,3.96575927734375,37.115257263183594,-67.90742492675781,22.653106689453125,35.35321807861328,-82.62531280517578,35.627044677734375,39.06297302246094,-19.80279541015625,20.8944091796875,-10.296745300292969,-22.702850341796875,38.234710693359375,-42.45995330810547,-26.19107437133789,44.6728515625,-61.73788070678711,-29.51430320739746,47.495697021484375,-75.6475830078125,-2.6050071716308594,14.9744873046875,-16.0855712890625,-28.687768936157227,-6.23388671875,-39.77207565307617,-32.188812255859375,-24.53582763671875,-24.235107421875,-27.227577209472656,-28.855133056640625,-9.613672256469727,14.11746597290039,4.7823486328125,-17.745807647705078,-9.707523345947266,-14.419219970703125,-40.478797912597656,-16.85019874572754,-30.1484375,-24.34874725341797,-14.468053817749023,-33.894866943359375,-9.03862190246582,27.237903594970703,-8.16363525390625,-18.897491455078125,7.083415985107422,-20.066009521484375,-37.92973327636719,-0.927459716796875,-29.5848388671875,-26.808555603027344,-0.6083450317382812,-32.984375,-12.504322052001953,1

-7.045818328857422,-25.09661865234375,46.14284133911133,-45.91706466674805,-10.349853515625,34.95205307006836,-72.81387329101562,0.38458251953125,32.20503616333008,-90.95481872558594,8.14617919921875,35.26517868041992,-24.87625503540039,13.753265380859375,-11.259233474731445,-32.55536651611328,28.873687744140625,-43.75495910644531,-37.47774887084961,34.3043212890625,-63.030174255371094,-41.2771110534668,36.0076904296875,-76.99998474121094,-6.513240814208984,13.298187255859375,-16.446983337402344,-23.661571502685547,-14.45050048828125,-41.488990783691406,-23.2110595703125,-33.509246826171875,-26.483125686645508,-18.477397918701172,-36.91357421875,-11.547948837280273,12.563017845153809,8.672821044921875,-17.436756134033203,-2.8220043182373047,-17.0582275390625,-40.981056213378906,-6.657249450683594,-34.477935791015625,-25.474637985229492,-4.692567825317383,-37.6258544921875,-9.97170639038086,29.031892776489258,0.332000732421875,-17.963930130004883,14.776278495788574,-17.887298583984375,-37.327064514160156,8.580179214477539,-29.15875244140625,-26.695751190185547,8.191694259643555,-32.276824951171875,-12.329246520996094,1

-7.373561859130859,-34.3427734375,39.68437957763672,-33.77984619140625,-1.13604736328125,47.012168884277344,-50.837249755859375,20.413909912109375,56.54399871826172,-61.42094421386719,33.87567138671875,66.81375885009766,-17.442033767700195,25.086334228515625,1.0962600708007812,-26.716875076293945,48.126007080078125,-25.861465454101562,-33.54821014404297,59.249420166015625,-41.82574462890625,-38.98750305175781,66.3250732421875,-53.351436614990234,-3.0813236236572266,19.431427001953125,-10.133705139160156,-36.33135223388672,3.31890869140625,-28.18859100341797,-35.47273254394531,-16.53143310546875,-14.265876770019531,-26.28644371032715,-22.3280029296875,-2.47314453125,10.892047882080078,8.50885009765625,-18.60242462158203,-20.52922248840332,-5.353759765625,-35.144805908203125,-22.748611450195312,-22.6534423828125,-19.194869995117188,-15.266565322875977,-28.007904052734375,-6.177223205566406,21.0086669921875,-4.7799072265625,-26.484947204589844,-5.72355842590332,-11.51055908203125,-38.73985290527344,-9.289253234863281,-22.7406005859375,-26.92315673828125,-3.2940263748168945,-28.454498291015625,-14.770851135253906,1

9.778411865234375,28.09381103515625,-7.061897277832031,3.5104713439941406,49.752044677734375,-35.96175765991211,-2.0651779174804688,62.10211181640625,-51.50665283203125,-6.4248504638671875,70.8480224609375,-62.32304763793945,-4.964321136474609,-9.7786865234375,51.849578857421875,-12.445571899414062,22.3408203125,24.172080993652344,-22.098392486572266,38.2884521484375,1.8403167724609375,-31.82640266418457,43.30059814453125,-14.86135482788086,6.301544189453125,12.337371826171875,-17.258243560791016,-30.268888473510742,30.765045166015625,-13.492610931396484,-35.52430725097656,18.052459716796875,6.492034912109375,-28.831571578979492,6.812408447265625,15.761619567871094,0.5562515258789062,-5.726959228515625,-22.449493408203125,-32.461097717285156,13.1158447265625,-19.63498306274414,-36.046756744384766,3.6793212890625,1.7355575561523438,-28.735929489135742,-6.3084716796875,11.78076171875,-8.283126831054688,-21.74261474609375,-24.986244201660156,-31.572120666503906,-2.573883056640625,-24.45800018310547,-34.90791320800781,-7.039215087890625,-8.729179382324219,-29.676103591918945,-16.143310546875,1.567108154296875,1

8.275646209716797,28.50762939453125,-7.319904327392578,-1.0164756774902344,49.4942626953125,-35.89934539794922,-8.882835388183594,61.2706298828125,-50.889122009277344,-14.866399765014648,69.56689453125,-61.274742126464844,-4.471099853515625,-9.549896240234375,51.93701934814453,-12.342121124267578,23.067962646484375,24.959312438964844,-21.68647003173828,39.927734375,3.1729965209960938,-30.94428062438965,46.0146484375,-13.438556671142578,5.647956848144531,12.49517822265625,-17.370628356933594,-31.994735717773438,28.483428955078125,-13.062454223632812,-36.042144775390625,15.515625,7.039054870605469,-28.48889923095703,4.777923583984375,16.242652893066406,0.8744888305664062,-5.89617919921875,-22.39548110961914,-33.22959518432617,10.781646728515625,-18.948711395263672,-35.886024475097656,1.285736083984375,2.5309600830078125,-27.79261016845703,-8.161376953125,12.49884033203125,-7.099323272705078,-22.381866455078125,-24.785381317138672,-31.52602767944336,-4.716094970703125,-23.6221923828125,-34.24161148071289,-9.48590087890625,-7.863475799560547,-28.237529754638672,-18.31011962890625,2.2535324096679688,1
